[{"model": "auth.permission", "pk": 1, "fields": {"name": "Can add log entry", "content_type": 1, "codename": "add_logentry"}}, {"model": "auth.permission", "pk": 2, "fields": {"name": "Can change log entry", "content_type": 1, "codename": "change_logentry"}}, {"model": "auth.permission", "pk": 3, "fields": {"name": "Can delete log entry", "content_type": 1, "codename": "delete_logentry"}}, {"model": "auth.permission", "pk": 4, "fields": {"name": "Can view log entry", "content_type": 1, "codename": "view_logentry"}}, {"model": "auth.permission", "pk": 5, "fields": {"name": "Can add permission", "content_type": 2, "codename": "add_permission"}}, {"model": "auth.permission", "pk": 6, "fields": {"name": "Can change permission", "content_type": 2, "codename": "change_permission"}}, {"model": "auth.permission", "pk": 7, "fields": {"name": "Can delete permission", "content_type": 2, "codename": "delete_permission"}}, {"model": "auth.permission", "pk": 8, "fields": {"name": "Can view permission", "content_type": 2, "codename": "view_permission"}}, {"model": "auth.permission", "pk": 9, "fields": {"name": "Can add group", "content_type": 3, "codename": "add_group"}}, {"model": "auth.permission", "pk": 10, "fields": {"name": "Can change group", "content_type": 3, "codename": "change_group"}}, {"model": "auth.permission", "pk": 11, "fields": {"name": "Can delete group", "content_type": 3, "codename": "delete_group"}}, {"model": "auth.permission", "pk": 12, "fields": {"name": "Can view group", "content_type": 3, "codename": "view_group"}}, {"model": "auth.permission", "pk": 13, "fields": {"name": "Can add user", "content_type": 4, "codename": "add_user"}}, {"model": "auth.permission", "pk": 14, "fields": {"name": "Can change user", "content_type": 4, "codename": "change_user"}}, {"model": "auth.permission", "pk": 15, "fields": {"name": "Can delete user", "content_type": 4, "codename": "delete_user"}}, {"model": "auth.permission", "pk": 16, "fields": {"name": "Can view user", "content_type": 4, "codename": "view_user"}}, {"model": "auth.permission", "pk": 17, "fields": {"name": "Can add content type", "content_type": 5, "codename": "add_contenttype"}}, {"model": "auth.permission", "pk": 18, "fields": {"name": "Can change content type", "content_type": 5, "codename": "change_contenttype"}}, {"model": "auth.permission", "pk": 19, "fields": {"name": "Can delete content type", "content_type": 5, "codename": "delete_contenttype"}}, {"model": "auth.permission", "pk": 20, "fields": {"name": "Can view content type", "content_type": 5, "codename": "view_contenttype"}}, {"model": "auth.permission", "pk": 21, "fields": {"name": "Can add session", "content_type": 6, "codename": "add_session"}}, {"model": "auth.permission", "pk": 22, "fields": {"name": "Can change session", "content_type": 6, "codename": "change_session"}}, {"model": "auth.permission", "pk": 23, "fields": {"name": "Can delete session", "content_type": 6, "codename": "delete_session"}}, {"model": "auth.permission", "pk": 24, "fields": {"name": "Can view session", "content_type": 6, "codename": "view_session"}}, {"model": "auth.permission", "pk": 25, "fields": {"name": "Can add profile", "content_type": 7, "codename": "add_profile"}}, {"model": "auth.permission", "pk": 26, "fields": {"name": "Can change profile", "content_type": 7, "codename": "change_profile"}}, {"model": "auth.permission", "pk": 27, "fields": {"name": "Can delete profile", "content_type": 7, "codename": "delete_profile"}}, {"model": "auth.permission", "pk": 28, "fields": {"name": "Can view profile", "content_type": 7, "codename": "view_profile"}}, {"model": "auth.permission", "pk": 29, "fields": {"name": "Can add owner", "content_type": 8, "codename": "add_owner"}}, {"model": "auth.permission", "pk": 30, "fields": {"name": "Can change owner", "content_type": 8, "codename": "change_owner"}}, {"model": "auth.permission", "pk": 31, "fields": {"name": "Can delete owner", "content_type": 8, "codename": "delete_owner"}}, {"model": "auth.permission", "pk": 32, "fields": {"name": "Can view owner", "content_type": 8, "codename": "view_owner"}}, {"model": "auth.permission", "pk": 33, "fields": {"name": "Can add employee", "content_type": 9, "codename": "add_employee"}}, {"model": "auth.permission", "pk": 34, "fields": {"name": "Can change employee", "content_type": 9, "codename": "change_employee"}}, {"model": "auth.permission", "pk": 35, "fields": {"name": "Can delete employee", "content_type": 9, "codename": "delete_employee"}}, {"model": "auth.permission", "pk": 36, "fields": {"name": "Can view employee", "content_type": 9, "codename": "view_employee"}}, {"model": "auth.permission", "pk": 37, "fields": {"name": "Can add restaurant", "content_type": 10, "codename": "add_restaurant"}}, {"model": "auth.permission", "pk": 38, "fields": {"name": "Can change restaurant", "content_type": 10, "codename": "change_restaurant"}}, {"model": "auth.permission", "pk": 39, "fields": {"name": "Can delete restaurant", "content_type": 10, "codename": "delete_restaurant"}}, {"model": "auth.permission", "pk": 40, "fields": {"name": "Can view restaurant", "content_type": 10, "codename": "view_restaurant"}}, {"model": "auth.permission", "pk": 41, "fields": {"name": "Can add item", "content_type": 11, "codename": "add_item"}}, {"model": "auth.permission", "pk": 42, "fields": {"name": "Can change item", "content_type": 11, "codename": "change_item"}}, {"model": "auth.permission", "pk": 43, "fields": {"name": "Can delete item", "content_type": 11, "codename": "delete_item"}}, {"model": "auth.permission", "pk": 44, "fields": {"name": "Can view item", "content_type": 11, "codename": "view_item"}}, {"model": "auth.permission", "pk": 45, "fields": {"name": "Can add menu", "content_type": 12, "codename": "add_menu"}}, {"model": "auth.permission", "pk": 46, "fields": {"name": "Can change menu", "content_type": 12, "codename": "change_menu"}}, {"model": "auth.permission", "pk": 47, "fields": {"name": "Can delete menu", "content_type": 12, "codename": "delete_menu"}}, {"model": "auth.permission", "pk": 48, "fields": {"name": "Can view menu", "content_type": 12, "codename": "view_menu"}}, {"model": "auth.permission", "pk": 49, "fields": {"name": "Can add order row", "content_type": 13, "codename": "add_orderrow"}}, {"model": "auth.permission", "pk": 50, "fields": {"name": "Can change order row", "content_type": 13, "codename": "change_orderrow"}}, {"model": "auth.permission", "pk": 51, "fields": {"name": "Can delete order row", "content_type": 13, "codename": "delete_orderrow"}}, {"model": "auth.permission", "pk": 52, "fields": {"name": "Can view order row", "content_type": 13, "codename": "view_orderrow"}}, {"model": "auth.permission", "pk": 53, "fields": {"name": "Can add order", "content_type": 14, "codename": "add_order"}}, {"model": "auth.permission", "pk": 54, "fields": {"name": "Can change order", "content_type": 14, "codename": "change_order"}}, {"model": "auth.permission", "pk": 55, "fields": {"name": "Can delete order", "content_type": 14, "codename": "delete_order"}}, {"model": "auth.permission", "pk": 56, "fields": {"name": "Can view order", "content_type": 14, "codename": "view_order"}}, {"model": "auth.user", "pk": 1, "fields": {"password": "q", "last_login": null, "is_superuser": false, "username": "owner1", "first_name": "", "last_name": "", "email": "", "is_staff": false, "is_active": true, "date_joined": "2024-08-28T11:28:13.456Z", "groups": [], "user_permissions": []}}, {"model": "auth.user", "pk": 2, "fields": {"password": "q", "last_login": null, "is_superuser": false, "username": "owner2", "first_name": "", "last_name": "", "email": "", "is_staff": false, "is_active": true, "date_joined": "2024-08-28T11:28:13.617Z", "groups": [], "user_permissions": []}}, {"model": "auth.user", "pk": 3, "fields": {"password": "q", "last_login": null, "is_superuser": false, "username": "employee1", "first_name": "", "last_name": "", "email": "", "is_staff": false, "is_active": true, "date_joined": "2024-08-28T11:28:13.755Z", "groups": [], "user_permissions": []}}, {"model": "auth.user", "pk": 4, "fields": {"password": "q", "last_login": null, "is_superuser": false, "username": "employee2", "first_name": "", "last_name": "", "email": "", "is_staff": false, "is_active": true, "date_joined": "2024-08-28T11:28:13.905Z", "groups": [], "user_permissions": []}}, {"model": "auth.user", "pk": 5, "fields": {"password": "q", "last_login": null, "is_superuser": false, "username": "employee3", "first_name": "", "last_name": "", "email": "", "is_staff": false, "is_active": true, "date_joined": "2024-08-28T11:28:14.071Z", "groups": [], "user_permissions": []}}, {"model": "auth.user", "pk": 6, "fields": {"password": "pbkdf2_sha256$870000$voBEO6RightdTUAWP8xOLJ$Un4oksXR5G+/3AX3QxfGI8vBms1Ru1h+GH/Cc1dTDuE=", "last_login": null, "is_superuser": true, "username": "admin", "first_name": "", "last_name": "", "email": "admin@example.com", "is_staff": true, "is_active": true, "date_joined": "2024-08-28T11:28:22.998Z", "groups": [], "user_permissions": []}}, {"model": "userSystem.profile", "pk": 1, "fields": {"user": 1, "phone": "1234567890", "address": "123 Elm Street", "name": "John Doe"}}, {"model": "userSystem.profile", "pk": 2, "fields": {"user": 2, "phone": "0987654321", "address": "456 Oak Street", "name": "Jane Smith"}}, {"model": "userSystem.profile", "pk": 3, "fields": {"user": 3, "phone": "5555555555", "address": "789 Pine Street", "name": "Emily Johnson"}}, {"model": "userSystem.profile", "pk": 4, "fields": {"user": 4, "phone": "4444444444", "address": "101 Maple Street", "name": "Michael Brown"}}, {"model": "userSystem.profile", "pk": 5, "fields": {"user": 5, "phone": "3333333333", "address": "202 Birch Street", "name": "Sarah Davis"}}, {"model": "userSystem.owner", "pk": 1, "fields": {"profile": 1, "restaurants": [1, 2]}}, {"model": "userSystem.owner", "pk": 2, "fields": {"profile": 2, "restaurants": [3, 4, 5]}}, {"model": "userSystem.employee", "pk": 1, "fields": {"profile": 3, "restaurant": 1}}, {"model": "userSystem.employee", "pk": 2, "fields": {"profile": 4, "restaurant": 2}}, {"model": "userSystem.employee", "pk": 3, "fields": {"profile": 5, "restaurant": 3}}, {"model": "restaurantSystem.restaurant", "pk": 1, "fields": {"name": "The Great Eatery", "address": "123 Elm Street", "phone_number": "1234567890", "description": "A cozy place with great food", "opening_hours": "10:00:00", "created_at": "2024-08-28T11:28:15.877Z", "updated_at": "2024-08-28T11:28:15.877Z", "menus": [1, 2]}}, {"model": "restaurantSystem.restaurant", "pk": 2, "fields": {"name": "Ocean's Dine", "address": "456 Oak Street", "phone_number": "0987654321", "description": "Seafood specialties", "opening_hours": "11:00:00", "created_at": "2024-08-28T11:28:16.029Z", "updated_at": "2024-08-28T11:28:16.029Z", "menus": [3]}}, {"model": "restaurantSystem.restaurant", "pk": 3, "fields": {"name": "Veggie Delight", "address": "789 Pine Street", "phone_number": "5555555555", "description": "Vegetarian and vegan options", "opening_hours": "09:00:00", "created_at": "2024-08-28T11:28:16.163Z", "updated_at": "2024-08-28T11:28:16.163Z", "menus": [4]}}, {"model": "restaurantSystem.restaurant", "pk": 4, "fields": {"name": "BBQ Heaven", "address": "101 Maple Street", "phone_number": "4444444444", "description": "Best BBQ in town", "opening_hours": "12:00:00", "created_at": "2024-08-28T11:28:16.337Z", "updated_at": "2024-08-28T11:28:16.337Z", "menus": [5]}}, {"model": "restaurantSystem.restaurant", "pk": 5, "fields": {"name": "Pizza Palace", "address": "202 Birch Street", "phone_number": "3333333333", "description": "Authentic Italian pizza", "opening_hours": "10:00:00", "created_at": "2024-08-28T11:28:16.521Z", "updated_at": "2024-08-28T11:28:16.521Z", "menus": [1, 3]}}, {"model": "menuSystem.item", "pk": 1, "fields": {"name": "Margherita Pizza", "price": 8.99, "description": "Classic margherita with fresh basil and mozzarella"}}, {"model": "menuSystem.item", "pk": 2, "fields": {"name": "Caesar Salad", "price": 5.99, "description": "Crisp romaine lettuce with Caesar dressing and croutons"}}, {"model": "menuSystem.item", "pk": 3, "fields": {"name": "Grilled Salmon", "price": 15.99, "description": "Freshly grilled salmon with a side of vegetables"}}, {"model": "menuSystem.item", "pk": 4, "fields": {"name": "BBQ Ribs", "price": 12.99, "description": "Tender ribs with our special BBQ sauce"}}, {"model": "menuSystem.item", "pk": 5, "fields": {"name": "Vegan Burger", "price": 9.99, "description": "Delicious plant-based burger with lettuce, tomato, and avocado"}}, {"model": "menuSystem.menu", "pk": 1, "fields": {"name": "Main Menu", "items": [1, 2, 3]}}, {"model": "menuSystem.menu", "pk": 2, "fields": {"name": "Lunch Specials", "items": [2, 5]}}, {"model": "menuSystem.menu", "pk": 3, "fields": {"name": "Dinner Menu", "items": [3, 4]}}, {"model": "menuSystem.menu", "pk": 4, "fields": {"name": "Vegetarian", "items": [1, 5]}}, {"model": "menuSystem.menu", "pk": 5, "fields": {"name": "BBQ Specials", "items": [4]}}, {"model": "orderSystem.orderrow", "pk": 1, "fields": {"item": 1, "quantity": 2}}, {"model": "orderSystem.orderrow", "pk": 2, "fields": {"item": 2, "quantity": 1}}, {"model": "orderSystem.orderrow", "pk": 3, "fields": {"item": 3, "quantity": 3}}, {"model": "orderSystem.orderrow", "pk": 4, "fields": {"item": 4, "quantity": 4}}, {"model": "orderSystem.orderrow", "pk": 5, "fields": {"item": 5, "quantity": 2}}, {"model": "orderSystem.order", "pk": 1, "fields": {"restaurant": 1, "totalPrice": 23.97, "name": "Alice", "phone": "1234567890", "description": "Please add extra cheese", "created_at": "2024-08-28T11:28:21.230Z", "updated_at": "2024-08-28T11:28:21.230Z", "items": [1, 2]}}, {"model": "orderSystem.order", "pk": 2, "fields": {"restaurant": 2, "totalPrice": 47.97, "name": "Bob", "phone": "0987654321", "description": "No onions please", "created_at": "2024-08-28T11:28:21.404Z", "updated_at": "2024-08-28T11:28:21.404Z", "items": [3]}}, {"model": "orderSystem.order", "pk": 3, "fields": {"restaurant": 3, "totalPrice": 51.96, "name": "Charlie", "phone": "5555555555", "description": "Gluten-free bread", "created_at": "2024-08-28T11:28:21.555Z", "updated_at": "2024-08-28T11:28:21.555Z", "items": [4]}}, {"model": "orderSystem.order", "pk": 4, "fields": {"restaurant": 4, "totalPrice": 27.97, "name": "Dave", "phone": "4444444444", "description": "Extra spicy", "created_at": "2024-08-28T11:28:21.713Z", "updated_at": "2024-08-28T11:28:21.713Z", "items": [1, 5]}}, {"model": "orderSystem.order", "pk": 5, "fields": {"restaurant": 5, "totalPrice": 31.97, "name": "Eve", "phone": "3333333333", "description": "Hold the garlic", "created_at": "2024-08-28T11:28:21.864Z", "updated_at": "2024-08-28T11:28:21.864Z", "items": [2, 3]}}]